id,first_name,last_name,gender,age,city,email,salary
1,Maribelle,Epelett,Female,46,Layu,mepelett0@cisco.com,138976.3
2,Tiebold,Crampin,Male,29,Layu,tcrampin1@elegantthemes.com,226795.49
3,Gerik,Snadden,Male,20,Bintuni,gsnadden2@tamu.edu,
4,Cornela,Meineck,Female,65,Haninge,cmeineck3@bloglovin.com,129671.75
5,Imojean,Cornock,Female,45,Matanzas,icornock4@desdev.cn,58411.83
6,Garfield,Labrom,Male,38,Nāḩiyat Baḩār,glabrom5@cocolog-nifty.com,119597.71
7,Berkie,Stranger,Male,24,Varva,bstranger6@nasa.gov,197765.24
8,Ynes,Ourry,Female,44,Rana,yourry7@dell.com,191965.19
9,Theresita,Stainfield,Female,52,Antony,tstainfield8@i2i.jp,241223.39
10,Elladine,Mawtus,Female,61,Veltruby,emawtus9@china.com.cn,204171.94
11,Raynor,Kaine,Male,44,Hengdian,rkainea@gnu.org,211463.65
12,Roseline,Ronci,Female,43,Jinsha,rroncib@ftc.gov,78781.63
13,Hildegaard,Boncoeur,Female,31,Linköping,hboncoeurc@xing.com,
14,Munmro,Wildman,Male,58,Pinhal Novo,mwildmand@mayoclinic.com,214423.42
15,Floris,Scrace,Female,46,Titay,fscracee@sogou.com,41741.16
16,Salim,Bramah,Male,41,Fiditi,sbramahf@unesco.org,127907.99
17,Elihu,Monget,Male,46,Wuling,emongetg@netlog.com,190198.33
18,Susi,Lorand,Female,27,Laba Goumen,slorandh@sciencedirect.com,33531.36
19,Courtnay,Stinton,Male,40,Skänninge,cstintoni@army.mil,116217.86
20,Casie,Blankhorn,Female,52,Tân Trụ,cblankhornj@elpais.com,125383.68
21,Avigdor,Cattanach,Male,63,Aimin,acattanachk@jimdo.com,247669.85
22,Ferrell,Wybern,Male,61,Ribeira das Taínhas,fwybernl@w3.org,62205.07
23,Sandy,Gahagan,Male,49,Phanom Phrai,sgahaganm@myspace.com,32387.42
24,Trula,Kibbel,Female,63,Ciguna,tkibbeln@statcounter.com,236755.93
25,Emmet,Daoust,Male,34,Vale,edaousto@mashable.com,185742.14
26,Clementina,Cannon,Female,38,Taoxi,ccannonp@hhs.gov,179325.97
27,Lilllie,Brownjohn,Female,40,Dongda,lbrownjohnq@51.la,
28,Chick,Malacrida,Male,62,Sveg,cmalacridar@nationalgeographic.com,13237.34
29,Cornelius,Ornillos,Male,22,Mumen,cornilloss@4shared.com,
30,Samson,Burchett,Male,44,Lyon,sburchettt@ucsd.edu,16020.6
31,Merola,Hearty,Female,55,Sofo-Birnin-Gwari,mheartyu@tripadvisor.com,13678.59
32,Darleen,Copeman,Female,27,Buriram,dcopemanv@nbcnews.com,155147.79
33,Jordan,Kausche,Female,59,Karajeun,jkauschew@typepad.com,188002.04
34,Janene,Erb,Female,18,Ujar,jerbx@blogtalkradio.com,107199.32
35,Debbi,Schimoni,Female,43,Wenquan,dschimoniy@usatoday.com,188113.99
36,Esteban,Wrangle,Male,45,Dagur,ewranglez@over-blog.com,135448.65
37,Calhoun,Balchen,Male,37,Alagoinhas,cbalchen10@youtube.com,194278.04
38,Beulah,Rawson,Female,58,Kivijärvi,brawson11@zdnet.com,149143.51
39,Colly,Duncan,Female,47,Ulricehamn,cduncan12@angelfire.com,225629.86
40,Norbie,Micah,Male,36,Ban Fang,nmicah13@omniture.com,86273.01
41,Bartholomeus,Marvelley,Male,61,Kawagoe,bmarvelley14@oaic.gov.au,89363.53
42,Bertine,Elverstone,Female,41,Jevišovice,belverstone15@topsy.com,204355.1
43,Brewer,Drewery,Male,42,Zhoushizhuang,bdrewery16@free.fr,248379.57
44,Korella,Czyz,Female,60,Na Tan,kczyz17@blogger.com,54886.78
45,Rickie,Mitchenson,Male,51,Lysekil,rmitchenson18@nsw.gov.au,35279.46
46,Tedman,Jaskiewicz,Male,48,Chhāgalnāiya,tjaskiewicz19@marketwatch.com,160818.65
47,Davon,Hirth,Male,45,Nova Olímpia,dhirth1a@smh.com.au,159827.26
48,Melisent,Penelli,Female,64,Phetchabun,mpenelli1b@psu.edu,110574.06
49,Edy,Betts,Female,40,Roissy Charles-de-Gaulle,ebetts1c@apple.com,
50,Michaela,Smurfitt,Female,63,Banjar Tengahbelayu,msmurfitt1d@ebay.co.uk,73720.64
51,Bamby,Hugill,Female,32,Xinqiao,bhugill1e@gravatar.com,24815.6
52,Guillaume,Klain,Male,63,Solna,gklain1f@jimdo.com,
53,Genovera,Urlin,Female,34,Phoenix,gurlin1g@discovery.com,46560.89
54,Ann-marie,Dobel,Female,38,Xinmen,adobel1h@go.com,157738.12
55,Denis,Caney,Male,27,Jarigue,dcaney1i@wired.com,14237.44
56,Andreas,Cheshire,Male,18,Budapest,acheshire1j@marriott.com,167204.87
57,Remy,Ellington,Female,32,Oxford,rellington1k@devhub.com,
58,Kippy,Brason,Female,61,Belén,kbrason1l@nbcnews.com,240760.4
59,Florenza,Drache,Female,46,Nam Som,fdrache1m@oaic.gov.au,
60,Connie,Plaster,Male,27,Matviyivka,cplaster1n@fotki.com,242307.3
61,Edy,Moggie,Female,22,Saint-Étienne,emoggie1o@si.edu,159733.44
62,Alfi,Hintze,Female,34,Kaiaf,ahintze1p@redcross.org,165225.33
63,Tabitha,Mudie,Female,43,Skwierzyna,tmudie1q@lycos.com,
64,Enrica,Tale,Female,44,Walakeri,etale1r@hubpages.com,17926.68
65,Jacqueline,O'Concannon,Female,43,Pentecoste,joconcannon1s@canalblog.com,
66,Willy,Sponton,Female,57,Kuloy,wsponton1t@opera.com,165483.42
67,Ashlin,Vowdon,Male,19,Mzimba,avowdon1u@constantcontact.com,57609.37
68,Randi,Grace,Male,21,Unawatuna,rgrace1v@indiegogo.com,131073.52
69,Cissiee,Spur,Female,46,Huamachuco,cspur1w@nbcnews.com,192423.01
70,Morgan,Mussett,Male,60,Katori-shi,mmussett1x@jigsy.com,208270.46
71,Lauri,Greaterex,Female,60,Luoqiao,lgreaterex1y@friendfeed.com,204094.18
72,Rozalie,Corrie,Female,40,Arujá,rcorrie1z@rambler.ru,129705.91
73,Nevin,Balderstone,Male,58,Petäjävesi,nbalderstone20@angelfire.com,153543.19
74,Bendicty,Ashforth,Male,19,Ringinrejo,bashforth21@indiegogo.com,175738.54
75,Darby,Lampkin,Male,48,Eger,dlampkin22@smh.com.au,144523.26
76,Siegfried,O'Docherty,Male,64,Příbor,sodocherty23@behance.net,25526.18
77,Eugenio,Botright,Male,23,Massakory,ebotright24@arstechnica.com,112794.9
78,Jamill,Philippson,Male,27,Carrières-sur-Seine,jphilippson25@purevolume.com,117117.74
79,Moreen,Lechelle,Female,33,Daulatpur,mlechelle26@fotki.com,144647.35
80,Glennie,Crocumbe,Female,35,Tam Bình,gcrocumbe27@t-online.de,84717.37
81,Nelson,Kiendl,Male,28,Houston,nkiendl28@meetup.com,60360.15
82,Blakeley,Absolem,Female,38,Tres Isletas,babsolem29@mapy.cz,139041.97
83,Fredek,Stoffler,Male,35,Ryazanskiy,fstoffler2a@godaddy.com,
84,Shelli,Winyard,Female,21,Kobylanka,swinyard2b@e-recht24.de,83848.11
85,Cyrus,McIndoe,Male,18,Shilaoren,cmcindoe2c@sogou.com,47278.36
86,Ferdinand,Sellor,Male,50,Lyon,fsellor2d@oakley.com,162841.93
87,Tanya,Prin,Female,54,Stetseva,tprin2e@ask.com,202350.57
88,Almeria,Bothie,Female,63,Reims,abothie2f@oracle.com,
89,Shawnee,MacGorley,Female,42,Massakory,smacgorley2g@abc.net.au,183851.4
90,Magdalen,Kernley,Female,25,Babagan,mkernley2h@paypal.com,9695.07
91,Barnebas,Izard,Male,21,Gourcy,bizard2i@va.gov,127541.75
92,Orsola,Swalough,Female,56,Xuezhen,oswalough2j@godaddy.com,56575.79
93,Dollie,Willingale,Female,40,Tāybād,dwillingale2k@elegantthemes.com,158746.88
94,Shermy,Pargiter,Male,49,Swindon,spargiter2l@ucoz.com,226333.24
95,Kilian,Jakubski,Male,58,Eusébio,kjakubski2m@prweb.com,28747.02
96,Tamarah,Dibdall,Female,33,Ayabe,tdibdall2n@skype.com,231201.07
97,Yevette,Drohan,Female,30,Pongkor,ydrohan2o@php.net,
98,Harwilll,Roubay,Male,28,El Cairo,hroubay2p@typepad.com,91193.78
99,Cristal,McCombe,Female,50,Wan Yai,cmccombe2q@lycos.com,224961.85
100,Alecia,Shurman,Female,27,Ban Pong,ashurman2r@slideshare.net,
101,Joya,Fear,Female,28,Kotlyarevskaya,jfear2s@gnu.org,
102,Marwin,Havoc,Male,52,Dijon,mhavoc2t@t-online.de,70254.94
103,Ewell,Philippson,Male,48,Casal das Figueiras,ephilippson2u@nasa.gov,83177.9
104,Maxine,Le Friec,Female,33,Barengkok,mlefriec2v@usa.gov,145875.02
105,Mal,Barensky,Male,25,Munse,mbarensky2w@instagram.com,192654.03
106,Ulysses,Ambroise,Male,20,Nechanice,uambroise2x@devhub.com,70149.99
107,Orv,Vallantine,Male,50,Kampong Speu,ovallantine2y@ca.gov,
108,Danna,Gustus,Female,30,Pärnu,dgustus2z@histats.com,152683.91
109,Cory,Grady,Female,62,Nunsena,cgrady30@census.gov,187708.63
110,Faith,Bremley,Female,30,Nacka,fbremley31@harvard.edu,23118.36
111,Malissia,Burnhams,Female,27,Fenghui,mburnhams32@jigsy.com,71936.98
112,Emmalyn,L'argent,Female,55,Malbork,elargent33@oaic.gov.au,152544.38
113,Loreen,Menelaws,Female,23,Natividade,lmenelaws34@samsung.com,158345.13
114,Sid,Croce,Male,52,Izyum,scroce35@github.com,26972.31
115,Aloin,Curcher,Male,33,Balitai,acurcher36@aol.com,37084.44
116,Frederic,Zannuto,Male,54,Bonao,fzannuto37@weebly.com,33502.35
117,Noelle,Acosta,Female,45,Yengiawat,nacosta38@hatena.ne.jp,99584.31
118,Antonie,Bolver,Female,21,Planaltina,abolver39@sourceforge.net,153041.8
119,Flemming,Stichall,Male,35,Karakul’,fstichall3a@google.com.br,27459.01
120,Morissa,Saile,Female,30,Dębe Wielkie,msaile3b@amazonaws.com,57097.41
121,Alena,Rillstone,Female,43,Cipaku,arillstone3c@earthlink.net,113300.7
122,Ralina,Redhead,Female,51,Loudi,rredhead3d@dion.ne.jp,93720.08
123,Layney,Foskin,Female,21,Hairag,lfoskin3e@va.gov,146661.28
124,Maximo,Sarsons,Male,58,Tabivere,msarsons3f@state.tx.us,114952.26
125,Nicolle,Gallop,Female,64,La Laguna,ngallop3g@dropbox.com,
126,Lyndell,Younger,Female,22,Kebonagung,lyounger3h@paypal.com,186282.77
127,Giorgi,Crossdale,Male,21,Novoshakhtinsk,gcrossdale3i@canalblog.com,143576.58
128,Benson,Dumbelton,Male,31,Babat,bdumbelton3j@mail.ru,
129,Peria,Hampson,Female,40,Ariquemes,phampson3k@homestead.com,10724.45
130,Amandy,Casajuana,Female,55,Siaya,acasajuana3l@gnu.org,142104.46
131,Kendal,Williamson,Male,30,Tây Ninh,kwilliamson3m@weather.com,245920.33
132,Randy,Stanborough,Male,63,San Vicente,rstanborough3n@alexa.com,102245.55
133,Zolly,Balchen,Male,60,Dobdoban,zbalchen3o@state.tx.us,117770.06
134,Hana,Garlett,Female,28,T’azagyugh,hgarlett3p@bizjournals.com,130556.09
135,Terri,Bonas,Female,49,Dongba,tbonas3q@bloglines.com,240072.9
136,Bria,Saltmarshe,Female,38,Palanit,bsaltmarshe3r@patch.com,182769.44
137,Delainey,Smiths,Male,27,Rucava,dsmiths3s@sphinn.com,195590.5
138,Bren,Cloutt,Male,38,Saguenay,bcloutt3t@boston.com,123074.27
139,Chloe,Dewdney,Female,47,Yaxi,cdewdney3u@bloglovin.com,
140,Cy,Coysh,Male,63,Soito,ccoysh3v@issuu.com,79270.56
141,Norbie,Acton,Male,59,Ribeirão Pires,nacton3w@behance.net,200074.87
142,Austina,O'Kielt,Female,38,Saint-Étienne,aokielt3x@feedburner.com,131697.2
143,Phillida,Yanson,Female,57,Thymianá,pyanson3y@seattletimes.com,210200.77
144,Minnie,Cruce,Female,42,Avarua,mcruce3z@elpais.com,183101.05
145,Marcus,Bullar,Male,26,Ueki,mbullar40@over-blog.com,92694.34
146,Georas,Batrim,Male,54,Huillapima,gbatrim41@abc.net.au,221378.26
147,Shurwood,Mulligan,Male,52,Dayuan,smulligan42@mail.ru,6513.69
148,Kathryn,Beacock,Female,36,Bambuí,kbeacock43@umn.edu,214555.73
149,Milt,Tesauro,Male,56,Sugcad,mtesauro44@furl.net,94961.83
150,Barbi,Viollet,Female,26,Montego Bay,bviollet45@yellowpages.com,222950.58
151,Lucine,McQueen,Female,50,Kista,lmcqueen46@foxnews.com,189866.36
152,Linet,Pinchback,Female,28,Pingzhuang,lpinchback47@tamu.edu,210123.67
153,Jean,Walework,Female,21,Besao,jwalework48@seesaa.net,197171.02
154,Timi,Lodevick,Female,32,Kanigorokrajan,tlodevick49@macromedia.com,215348.75
155,Mona,Karpfen,Female,52,Pandansari,mkarpfen4a@fotki.com,149240.85
156,Layton,Newcombe,Male,41,Jember,lnewcombe4b@sourceforge.net,184155.21
157,Jaime,Sapsforde,Male,46,Velká Bystřice,jsapsforde4c@aboutads.info,122807.54
158,Sabina,Halligan,Female,29,San Fernando,shalligan4d@hc360.com,85958.32
159,De witt,Fidgin,Male,65,Mandala,dfidgin4e@hhs.gov,171694.74
160,Chase,Witham,Male,56,Jingcheng,cwitham4f@buzzfeed.com,17666.97
161,Talya,Tokley,Female,32,Cikuya,ttokley4g@ca.gov,105015.42
162,Tresa,Meadus,Female,40,Ishioka,tmeadus4h@printfriendly.com,206443.41
163,Theressa,Audritt,Female,64,Colorado Springs,taudritt4i@amazon.de,231114.44
164,Rosita,Swindles,Female,61,Rote,rswindles4j@about.com,197737.8
165,Decca,Bilam,Male,42,Goyang-si,dbilam4k@ed.gov,182665.46
166,Eartha,Burbank,Female,65,Lindavista,eburbank4l@creativecommons.org,167542.86
167,Ambrosius,Bonnett,Male,19,Pomabamba,abonnett4m@soundcloud.com,177624.7
168,Shannen,Dawbury,Female,21,Yaita,sdawbury4n@mashable.com,
169,Arny,Tofanini,Male,47,Ciudad Ojeda,atofanini4o@senate.gov,125623.12
170,Hervey,Haken,Male,43,Vila Chã,hhaken4p@census.gov,160223.34
171,Corinna,MacLaren,Female,41,Meiqi,cmaclaren4q@forbes.com,133839.83
172,Thebault,Gioan,Male,43,Huayacundo Arma,tgioan4r@instagram.com,199731.55
173,Zora,Learoyd,Female,27,Bryansk,zlearoyd4s@networksolutions.com,23688.94
174,Tersina,Bolingbroke,Female,23,Bronnitsy,tbolingbroke4t@imdb.com,86662.93
175,Rafa,Burdus,Female,40,Ngembel,rburdus4u@sciencedaily.com,215990.07
176,Godwin,Corby,Male,37,Legrada,gcorby4v@eventbrite.com,72566.15
177,Tierney,Geldart,Female,43,Sallanches,tgeldart4w@csmonitor.com,82850.12
178,Hadrian,Hennington,Male,27,Yelizavetinskoye,hhennington4x@ihg.com,118644.11
179,Whitney,McCamish,Female,40,Kardítsa,wmccamish4y@wired.com,247548.78
180,Skyler,Sellen,Male,61,Kota Kinabalu,ssellen4z@edublogs.org,188350.97
181,Heinrick,Helis,Male,46,Roshal’,hhelis50@diigo.com,113846.83
182,Audry,Boshers,Female,56,Krajan Sidodadi,aboshers51@over-blog.com,118769.48
183,Osborn,Ducker,Male,42,Boca Raton,oducker52@github.io,248197.33
184,Bernita,Instone,Female,22,Guimbal,binstone53@discuz.net,199169.05
185,Beatrisa,Dominick,Female,23,Toufang,bdominick54@squarespace.com,249360.85
186,Afton,Leheude,Female,55,Korsun’-Shevchenkivs’kyy,aleheude55@de.vu,241435.4
187,Charin,Colleymore,Female,47,Penaraga,ccolleymore56@ucla.edu,34925.42
188,Teodorico,Meijer,Male,24,Santiago Atitlán,tmeijer57@indiatimes.com,227180.95
189,Blancha,Tyce,Female,47,Lücheng,btyce58@sun.com,163762.53
190,Ringo,Simeoli,Male,28,Zlaté Hory,rsimeoli59@gov.uk,24876.42
191,Candice,Decker,Female,37,Gotputuk,cdecker5a@examiner.com,110295.65
192,Frederick,Volkes,Male,65,Salitrillos,fvolkes5b@tinyurl.com,50884.68
193,Wolf,Benz,Male,50,Huangtang,wbenz5c@friendfeed.com,230612.09
194,Teodora,Dobell,Female,28,Ludza,tdobell5d@ifeng.com,
195,Perla,Putland,Female,21,Cankova,pputland5e@irs.gov,120396.45
196,Gunar,Bettam,Male,55,Pantai Ceuremen,gbettam5f@ebay.com,221375.67
197,Janetta,Goulder,Female,28,Rabat,jgoulder5g@kickstarter.com,100405.86
198,Will,Balogun,Male,39,Mahébourg,wbalogun5h@blinklist.com,103154.6
199,Carline,Woodyer,Female,31,Mūsa Khel Bāzār,cwoodyer5i@answers.com,229481.95
200,Murdoch,Sprake,Male,59,Ban Chang,msprake5j@cafepress.com,
201,Madlen,Moynham,Female,30,Tlogoagung,mmoynham5k@army.mil,213079.24
202,Johnathan,Henriet,Male,59,Gamut,jhenriet5l@mlb.com,116620.0
203,Victoir,Fozard,Male,24,Belyye Berega,vfozard5m@twitter.com,223255.97
204,Madelena,Letchmore,Female,54,Julita,mletchmore5n@istockphoto.com,27579.35
205,Ajay,Bousquet,Female,37,Žlutice,abousquet5o@hhs.gov,122550.71
206,Mordy,Hauch,Male,64,Łubnice,mhauch5p@oracle.com,
207,Neville,Murrock,Male,20,Cigarogol,nmurrock5q@qq.com,31870.35
208,Kelsey,Briand,Male,25,Tonekābon,kbriand5r@over-blog.com,65704.83
209,Caria,Jarrell,Female,44,Morgados,cjarrell5s@nba.com,176534.44
210,Andy,Treasure,Female,21,Tarouca,atreasure5t@nsw.gov.au,146293.87
211,Hamnet,Tollerfield,Male,60,Culubasa,htollerfield5u@blogtalkradio.com,170452.58
212,Olivier,Kunz,Male,43,Boshi,okunz5v@pinterest.com,189416.66
213,Ira,Girogetti,Female,52,Araouane,igirogetti5w@bigcartel.com,45692.57
214,Jonas,Burbage,Male,22,Chang’an,jburbage5x@is.gd,178170.89
215,Debbie,Drake,Female,29,Kåge,ddrake5y@usatoday.com,157319.15
216,Garwin,Ingry,Male,20,Kouloúra,gingry5z@wired.com,229366.88
217,Lyndel,Pettitt,Female,39,Johor Bahru,lpettitt60@amazon.co.jp,165494.82
218,Beatrice,Bernardos,Female,54,Karlskrona,bbernardos61@addthis.com,108953.63
219,Ignacio,Geekie,Male,56,Liozon,igeekie62@vk.com,79645.51
220,Vasilis,Cashell,Male,65,Sicheng,vcashell63@ycombinator.com,243717.18
221,Ruy,Hambrook,Male,64,Paris 10,rhambrook64@about.com,179427.68
222,Sadie,Scriven,Female,28,Escola,sscriven65@npr.org,177160.14
223,Zita,Cornejo,Female,22,Wenquan,zcornejo66@berkeley.edu,57901.04
224,Kaile,Covelle,Female,36,Nagoya-shi,kcovelle67@goo.ne.jp,239543.86
225,Worthington,O'Carrol,Male,24,Caçador,wocarrol68@jalbum.net,21499.35
226,North,Lafranconi,Male,21,Domont,nlafranconi69@sourceforge.net,198538.0
227,Ryan,Watsham,Male,45,Kuningan,rwatsham6a@booking.com,33799.89
228,Jackson,Snufflebottom,Male,46,Zaječov,jsnufflebottom6b@prnewswire.com,
229,Bronny,Broose,Male,44,Sankoutang,bbroose6c@home.pl,57487.32
230,Mag,Sparshott,Female,62,Jadowniki,msparshott6d@blinklist.com,
231,Hashim,Reddoch,Male,63,Filipstad,hreddoch6e@ca.gov,164454.81
232,Alwin,Chafney,Male,21,Tierra Blanca,achafney6f@sfgate.com,84723.57
233,Brooke,Teresa,Female,32,Nancy,bteresa6g@icq.com,175980.75
234,Travers,Hache,Male,29,Phanom Phrai,thache6h@ted.com,112956.33
235,Donavon,Lewry,Male,31,Ban Nahin,dlewry6i@cargocollective.com,32697.55
236,Rodd,Bailess,Male,61,Borova,rbailess6j@netvibes.com,154323.7
237,Jehu,O'Geaney,Male,27,Novosil’,jogeaney6k@goo.gl,
238,Whit,Dennison,Male,35,Bao’an,wdennison6l@shutterfly.com,56637.5
239,Bab,Mc Gaughey,Female,47,Nassarawa,bmcgaughey6m@freewebs.com,15555.12
240,Fremont,Ortet,Male,23,Ipueiras,fortet6n@washingtonpost.com,
241,Randal,Tonepohl,Male,42,Jefferson City,rtonepohl6o@go.com,107349.59
242,Garvin,Caseri,Male,45,Marādah,gcaseri6p@umich.edu,192504.7
243,Udall,Menghi,Male,30,Pittsburgh,umenghi6q@nhs.uk,98594.88
244,Bentley,Campione,Male,31,Beauvais,bcampione6r@google.es,
245,Jodi,Bedham,Female,42,Aluminé,jbedham6s@yolasite.com,59178.98
246,Lee,Denney,Female,46,Aplahoué,ldenney6t@seattletimes.com,110056.15
247,Ysabel,Critchley,Female,32,Zimovniki,ycritchley6u@icq.com,
248,Rhiamon,Feldmus,Female,58,Kassiri,rfeldmus6v@ucla.edu,63591.87
249,Aube,Nolder,Male,61,Bielsk Podlaski,anolder6w@issuu.com,
250,Athena,Polfer,Female,29,Penticton,apolfer6x@xinhuanet.com,70999.12
251,Reuben,Filtness,Male,49,Karatau,rfiltness6y@comcast.net,184867.02
252,Velvet,Rickardes,Female,40,Pombos,vrickardes6z@a8.net,186820.19
253,Joell,Hinge,Female,44,Lalībela,jhinge70@businesswire.com,
254,Madison,Hansemann,Male,64,Daciyao,mhansemann71@prlog.org,154053.06
255,Carlee,Paliser,Female,49,Tajerouine,cpaliser72@hugedomains.com,40379.76
256,Adelind,Bloyes,Female,26,Aqqan,abloyes73@linkedin.com,44745.32
257,Loralyn,Meadowcraft,Female,31,Ulichnoye,lmeadowcraft74@reddit.com,
258,Jacques,Anyon,Male,38,Pailiao,janyon75@bing.com,233592.35
259,Justen,Giddings,Male,31,Comrat,jgiddings76@google.co.jp,17747.79
260,Stephanie,Jesson,Female,39,Limoeiro do Norte,sjesson77@godaddy.com,204657.94
261,Damien,Clemot,Male,28,Dongfeng,dclemot78@unesco.org,
262,Milka,Brugden,Female,25,Zhenping Chengguanzhen,mbrugden79@nasa.gov,95040.74
263,Tedd,Keepe,Male,44,Thorpe,tkeepe7a@bluehost.com,187293.19
264,Kermit,Fleeming,Male,43,Ābyek,kfleeming7b@redcross.org,137313.4
265,Werner,Cason,Male,47,Grabów nad Prosną,wcason7c@ox.ac.uk,77165.56
266,Franklyn,Gatchel,Male,48,Tingsryd,fgatchel7d@time.com,160149.47
267,Garth,Mousley,Male,40,Hexi,gmousley7e@opensource.org,27691.14
268,Hendrick,Huggin,Male,37,Nowa Sól,hhuggin7f@indiatimes.com,186059.24
269,Brier,Baldelli,Female,43,Mvomero,bbaldelli7g@seattletimes.com,204327.87
270,Marguerite,Brounsell,Female,41,Betim,mbrounsell7h@weather.com,223194.62
271,Carrissa,Stritton,Female,33,Mentaraman Satu,cstritton7i@discuz.net,
272,Beauregard,Spurrier,Male,40,Kálamos,bspurrier7j@ca.gov,48727.94
273,Mathilda,Garbutt,Female,42,Além,mgarbutt7k@archive.org,171897.89
274,Lancelot,Soldner,Male,26,Temorlorong,lsoldner7l@shinystat.com,191194.35
275,Woody,Gane,Male,64,Västervik,wgane7m@constantcontact.com,85365.25
276,Codie,Ladbury,Female,27,San Antonio,cladbury7n@privacy.gov.au,169079.78
277,Kattie,Inskipp,Female,24,Sabanagrande,kinskipp7o@pbs.org,160300.39
278,Sharia,Hayden,Female,53,Kilifi,shayden7p@posterous.com,
279,Toni,Pauler,Female,31,Manola,tpauler7q@cisco.com,21462.69
280,Delcina,Ranner,Female,63,Bozhou,dranner7r@engadget.com,131591.9
281,Peirce,Wharby,Male,47,Não Me Toque,pwharby7s@oaic.gov.au,85081.03
282,Jacynth,Kwiek,Female,40,Dunyāpur,jkwiek7t@disqus.com,61388.33
283,Mona,Koschek,Female,55,Lopez Jaena,mkoschek7u@scientificamerican.com,247713.43
284,Nikolaus,Fundell,Male,53,Syrskoye,nfundell7v@cyberchimps.com,
285,Clem,Martensen,Female,65,Berehomet,cmartensen7w@yolasite.com,197584.9
286,Phip,Picardo,Male,40,Radymno,ppicardo7x@fda.gov,
287,Archibald,BURWIN,Male,50,Lujiao,aburwin7y@wikia.com,132230.12
288,Claudia,Gergolet,Female,32,Ressano Garcia,cgergolet7z@photobucket.com,
289,Monah,Hammerson,Female,46,Eldama Ravine,mhammerson80@scientificamerican.com,55014.16
290,Sheelah,Extall,Female,44,La Goulette,sextall81@nymag.com,190458.1
291,Jessamyn,Gheerhaert,Female,36,Awka,jgheerhaert82@godaddy.com,39477.81
292,Derk,Mew,Male,43,Kup,dmew83@lulu.com,161132.07
293,Barnett,Coller,Male,39,Conceição das Alagoas,bcoller84@canalblog.com,17645.95
294,Richardo,Kybird,Male,24,Sap Yai,rkybird85@independent.co.uk,77243.28
295,Corliss,d'Escoffier,Female,56,Jiantou,cdescoffier86@wired.com,220815.11
296,Regina,Nettles,Female,20,Pensacola,rnettles87@adobe.com,93291.51
297,Colet,Eddleston,Male,20,El Hatillo,ceddleston88@redcross.org,82466.95
298,Dannel,Trussler,Male,49,Cláudio,dtrussler89@wikia.com,188145.24
299,Deloris,Rhodus,Female,31,Camaçari,drhodus8a@dagondesign.com,167092.89
300,Zia,Gamlin,Female,50,Bozhou,zgamlin8b@indiegogo.com,
301,Concordia,Warden,Female,25,Brumado,cwarden8c@archive.org,214480.43
302,Orv,Ollander,Male,60,Batas Barat,oollander8d@walmart.com,199655.3
303,Lawton,Marages,Male,34,Tomilino,lmarages8e@chronoengine.com,186610.99
304,Alisa,Abade,Female,32,Ungsang,aabade8f@wikipedia.org,42558.86
305,Wain,Thripp,Male,65,Tangga’an,wthripp8g@360.cn,241697.23
306,Liam,Royds,Male,35,Daliuhang,lroyds8h@google.com.au,167185.02
307,Rafaello,Nansom,Male,47,Tsukumiura,rnansom8i@yandex.ru,222001.86
308,Krissie,Jerdon,Female,37,Hrazdan,kjerdon8j@desdev.cn,30510.43
309,Bobbie,Cargenven,Male,46,La Tigra,bcargenven8k@go.com,175580.88
310,Tracey,Braferton,Male,33,Cigaras,tbraferton8l@cornell.edu,100133.03
311,Aristotle,Sawley,Male,33,Czerniewice,asawley8m@cornell.edu,34592.0
312,Joaquin,Wrate,Male,50,Young,jwrate8n@infoseek.co.jp,109322.35
313,Silvio,Whodcoat,Male,24,Pittsburgh,swhodcoat8o@skype.com,151168.22
314,Katharine,Joselovitch,Female,51,Vetluzhskiy,kjoselovitch8p@microsoft.com,204357.76
315,Enrique,Arnholdt,Male,35,Nanyang,earnholdt8q@ameblo.jp,50071.89
316,Evey,Gritsaev,Female,40,Cap Malheureux,egritsaev8r@fotki.com,101872.97
317,Lilias,Peterkin,Female,28,Yuxi,lpeterkin8s@edublogs.org,
318,Elsworth,Gildea,Male,37,Sergelen,egildea8t@google.com.br,
319,Madalyn,Doull,Female,49,Yunyan,mdoull8u@issuu.com,
320,Maryjo,Heijnen,Female,55,Changjiang,mheijnen8v@prlog.org,84890.08
321,Reilly,Charker,Male,27,Nanxinxiang,rcharker8w@surveymonkey.com,208011.98
322,Freddie,Tallis,Male,20,Xiaochuan,ftallis8x@noaa.gov,147363.19
323,Morse,Roebottom,Male,50,Čajetina,mroebottom8y@who.int,178516.6
324,Thatcher,Duffree,Male,30,Ino,tduffree8z@slashdot.org,141204.57
325,Ignaz,Conquest,Male,19,Pingle,iconquest90@e-recht24.de,157527.62
326,Adela,Conklin,Female,40,Cambuí,aconklin91@posterous.com,69363.02
327,Lynea,Ferentz,Female,54,Saint-Quentin-en-Yvelines,lferentz92@buzzfeed.com,111204.47
328,Prinz,Mottini,Male,39,Longyearbyen,pmottini93@jugem.jp,
329,Tobias,Antonsen,Male,28,Sindanghayu,tantonsen94@nps.gov,211559.13
330,Mortie,Gosnoll,Male,24,Jorong,mgosnoll95@instagram.com,85303.13
331,Marlin,Down,Male,52,Tolosa,mdown96@omniture.com,127325.31
332,Bryan,Bonde,Male,49,Göteborg,bbonde97@ehow.com,86097.64
333,Cliff,Ridgway,Male,23,Sanjiang,cridgway98@zdnet.com,101286.95
334,Deane,Pratten,Female,26,Ostrogozhsk,dpratten99@simplemachines.org,133849.39
335,Shelba,Sandeland,Female,26,Fafe,ssandeland9a@youtu.be,130761.42
336,Karon,Bonham,Female,65,Lazaro Cardenas,kbonham9b@time.com,151520.42
337,Del,Petherick,Male,28,May Pen,dpetherick9c@alexa.com,24801.23
338,Ollie,Chauvey,Male,50,Fontana,ochauvey9d@etsy.com,63170.55
339,Wenona,Hrishchenko,Female,32,Hobonio,whrishchenko9e@ifeng.com,135365.49
340,Silvester,Entwhistle,Male,51,Brokopondo,sentwhistle9f@ftc.gov,183621.26
341,Liza,Glazer,Female,60,Banjar Penyalin,lglazer9g@samsung.com,
342,Drusie,Alejandri,Female,36,Yirga ‘Alem,dalejandri9h@pagesperso-orange.fr,240064.08
343,Nathanil,Cornford,Male,35,Gościeradów,ncornford9i@globo.com,166807.1
344,Delcina,Wiltshaw,Female,26,Jincheng,dwiltshaw9j@hhs.gov,
345,Gaultiero,Quakley,Male,30,Sośnie,gquakley9k@addthis.com,229099.05
346,Gerri,Loder,Female,63,Arnage,gloder9l@cafepress.com,80858.3
347,Iolanthe,Yashunin,Female,59,Ježdovec,iyashunin9m@omniture.com,224950.31
348,Johnath,Mattiussi,Female,32,Shilin,jmattiussi9n@irs.gov,243569.68
349,Elsinore,Atyea,Female,34,Clearwater,eatyea9o@businessinsider.com,229951.09
350,Sheilah,Andreev,Female,49,Saripin,sandreev9p@independent.co.uk,
351,Juli,Juszczak,Female,45,Eshan,jjuszczak9q@bizjournals.com,138892.19
352,Anthony,Spelwood,Male,33,Chantilly,aspelwood9r@uol.com.br,222849.32
353,Steffie,Lush,Female,18,Jiyukou,slush9s@wiley.com,234935.25
354,Drake,Saunderson,Male,37,Azua,dsaunderson9t@technorati.com,66018.43
355,Dorice,Vayro,Female,24,Surup,dvayro9u@scribd.com,237764.84
356,Kit,Keedwell,Male,61,General Arenales,kkeedwell9v@qq.com,83346.17
357,Catarina,Dunlea,Female,23,Bueng Kum,cdunlea9w@quantcast.com,102995.34
358,Dorette,Pie,Female,23,La Ceja,dpie9x@globo.com,25328.24
359,Samson,Andrault,Male,51,Citeureup,sandrault9y@intel.com,74899.0
360,Bevan,De Goey,Male,40,Eg,bdegoey9z@mapy.cz,101816.67
361,Damon,Wasson,Male,64,Finspång,dwassona0@paypal.com,34827.28
362,Robbie,Harriagn,Male,22,Noormarkku,rharriagna1@latimes.com,155132.59
363,Prudence,Sidon,Female,18,Dankalwa,psidona2@huffingtonpost.com,16213.34
364,Basilio,Pagin,Male,48,Ibaiti,bpagina3@thetimes.co.uk,98554.79
365,Mellisa,Solon,Female,54,Chikeng,msolona4@xrea.com,220743.25
366,Ardella,Davison,Female,40,Sitiarjo,adavisona5@mayoclinic.com,168602.13
367,Ronnie,Finney,Female,27,Camp Thorel,rfinneya6@thetimes.co.uk,159580.94
368,Pancho,Wastie,Male,47,Shuigou,pwastiea7@pinterest.com,178171.57
369,Nealon,L'Amie,Male,47,Haymā’,nlamiea8@ocn.ne.jp,167241.78
370,Anthea,Von Der Empten,Female,60,Pravdinsk,avonderemptena9@paginegialle.it,151015.12
371,Gunner,Dysart,Male,30,Šenkovec,gdysartaa@prweb.com,27171.2
372,Ruperta,Freckingham,Female,61,Lattes,rfreckinghamab@123-reg.co.uk,223425.92
373,Gottfried,Radloff,Male,40,Arvika,gradloffac@illinois.edu,
374,Lutero,Bauldry,Male,56,Anchau,lbauldryad@ebay.co.uk,
375,Lanny,Donneely,Female,46,Geshan,ldonneelyae@gravatar.com,78345.58
376,Giacobo,Fisbburne,Male,38,Qianjin,gfisbburneaf@lulu.com,140122.91
377,Ashton,Velti,Male,48,Kiên Lương,aveltiag@earthlink.net,
378,Dorothea,Fonteyne,Female,56,Kachar,dfonteyneah@yahoo.com,197870.55
379,Royall,Godfery,Male,58,Nomhon,rgodferyai@discovery.com,114580.35
380,Elle,Otton,Female,62,Soio,eottonaj@cornell.edu,147576.8
381,Opalina,Larkworthy,Female,18,Niquelândia,olarkworthyak@edublogs.org,247390.12
382,Merle,McCamish,Female,41,Capiíbary,mmccamishal@4shared.com,
383,Colan,MacIlraith,Male,43,Jargalant,cmacilraitham@theguardian.com,186417.3
384,Tiler,Eusden,Male,52,Airmadidi,teusdenan@theatlantic.com,83011.49
385,Ros,Stoner,Female,22,La Mesa,rstonerao@liveinternet.ru,54937.46
386,Tomasine,Cheeseman,Female,53,Kozhanka,tcheesemanap@imdb.com,10616.37
387,Slade,Brusle,Male,27,Jacksonville,sbrusleaq@addthis.com,96690.98
388,Linoel,Tulloch,Male,40,Lijiapu,ltullochar@trellian.com,33593.95
389,Travers,Sothcott,Male,35,Yinhe,tsothcottas@archive.org,13982.2
390,Natalie,Bloschke,Female,38,Vallenar,nbloschkeat@comsenz.com,138456.03
391,Vin,Mityukov,Female,24,Kuala Terengganu,vmityukovau@mlb.com,119514.25
392,Trina,Bowmer,Female,52,Jinji,tbowmerav@answers.com,223257.42
393,Demetria,Eggleston,Female,41,Malapaubhara,degglestonaw@dell.com,160055.32
394,Gus,Sponer,Female,63,Oesao,gsponerax@yahoo.com,245794.51
395,Dell,Head,Female,28,Guanting,dheaday@vistaprint.com,235491.22
396,Jere,Braney,Female,31,San Pedro,jbraneyaz@youtube.com,
397,Gillian,Stelfox,Female,38,Xiaoshanzi,gstelfoxb0@chronoengine.com,56521.32
398,Muire,Gainor,Female,63,San Francisco de Macorís,mgainorb1@latimes.com,133911.89
399,Reinaldos,Crosetto,Male,21,Santiago,rcrosettob2@ning.com,48727.84
400,Spense,Helks,Male,47,Vidago,shelksb3@salon.com,45372.23
401,Tybie,Byles,Female,51,Phunphin,tbylesb4@rakuten.co.jp,141645.63
402,Bernette,Bevar,Female,37,Wan Yai,bbevarb5@zdnet.com,233683.58
403,Heddie,Jehaes,Female,46,Quintã,hjehaesb6@cbc.ca,167586.27
404,Upton,Shurlock,Male,23,San Vicente de Bique,ushurlockb7@yolasite.com,113039.6
405,Evanne,Pignon,Female,28,Gunjur,epignonb8@ucoz.ru,227821.36
406,Barbey,Antoniou,Female,54,Hongtang,bantonioub9@google.it,36384.68
407,Claudine,Gandrich,Female,42,Bell Ville,cgandrichba@sun.com,116907.82
408,Francine,Lofthouse,Female,52,Monterrey,flofthousebb@google.pl,133724.3
409,Callida,Scipsey,Female,58,Huangdimiao,cscipseybc@goo.gl,
410,Adiana,Denacamp,Female,19,Kidangbang,adenacampbd@odnoklassniki.ru,145058.16
411,Yorker,Foulcher,Male,54,Lārkāna,yfoulcherbe@angelfire.com,
412,Cirilo,Caseley,Male,46,Timiryazevskiy,ccaseleybf@nbcnews.com,204202.94
413,Evaleen,Weatherdon,Female,47,Melun,eweatherdonbg@upenn.edu,181585.01
414,Alvy,Hugill,Male,50,Pasirbatang,ahugillbh@answers.com,67107.22
415,Ferris,Baxstar,Male,30,Myeik,fbaxstarbi@imdb.com,179426.3
416,Sarene,Bulman,Female,62,Al ‘Ayzarīyah,sbulmanbj@sphinn.com,55277.04
417,Emory,Knowlson,Male,50,Gao’an,eknowlsonbk@artisteer.com,87188.91
418,Lorrin,Strut,Female,57,Vitali,lstrutbl@guardian.co.uk,207833.97
419,Peggi,Busch,Female,40,Mūsa Khel Bāzār,pbuschbm@pagesperso-orange.fr,235747.08
420,Alphonse,Fraanchyonok,Male,59,Henghe,afraanchyonokbn@twitter.com,130495.56
421,Leda,Kmietsch,Female,49,Dukuhmencek Lor,lkmietschbo@shop-pro.jp,39746.36
422,Giordano,Gresch,Male,20,Fresno,ggreschbp@toplist.cz,151479.2
423,Denney,Locksley,Male,32,Limoges,dlocksleybq@wordpress.org,
424,Pearl,Ruben,Female,42,El Charco,prubenbr@unblog.fr,
425,Nathan,Donnett,Male,63,Serzedo,ndonnettbs@yellowpages.com,158859.95
426,Stephenie,Skipton,Female,65,Datong,sskiptonbt@theatlantic.com,
427,Kristo,Filippi,Male,48,Talisay,kfilippibu@scribd.com,235510.92
428,Bryon,Padley,Male,56,Peterhof,bpadleybv@goo.ne.jp,120199.42
429,Ravi,Delacour,Male,37,Markaryd,rdelacourbw@drupal.org,130104.07
430,Rusty,Tommen,Male,32,Taihe,rtommenbx@unesco.org,125426.95
431,Catha,Scriven,Female,46,Shankill,cscrivenby@storify.com,137294.1
432,Ragnar,McVane,Male,62,Arys,rmcvanebz@slate.com,61596.27
433,Nathanil,Twallin,Male,56,Minle,ntwallinc0@desdev.cn,24439.99
434,Daphene,Bowcock,Female,28,Miskolc,dbowcockc1@wisc.edu,55281.14
435,Geoff,Lawn,Male,42,Pravdinsk,glawnc2@zdnet.com,36641.39
436,Johnathan,Hildrew,Male,58,Manta,jhildrewc3@home.pl,92069.23
437,Carole,Paylor,Female,21,Sanchang,cpaylorc4@indiegogo.com,
438,York,Dillon,Male,61,Chedao,ydillonc5@homestead.com,
439,Ivy,Jina,Female,52,Wuma,ijinac6@phpbb.com,184415.98
440,Tull,Seeking,Male,36,Martensville,tseekingc7@comsenz.com,176957.0
441,Adrien,Lody,Male,55,Bulbul,alodyc8@usatoday.com,150328.77
442,Padraig,Brandrick,Male,50,Malasiqui,pbrandrickc9@patch.com,179363.98
443,Sunny,Tremmil,Female,44,Nikol’skoye,stremmilca@studiopress.com,111044.01
444,Matelda,Veldman,Female,27,Gongchang,mveldmancb@google.com.au,60968.51
445,Norbie,Ferrie,Male,37,Purda,nferriecc@edublogs.org,53306.83
446,Benetta,Girard,Female,36,Buritizeiro,bgirardcd@simplemachines.org,214896.34
447,Gui,Hastin,Female,59,Shuangqiao,ghastince@usatoday.com,16610.75
448,Nobe,Burkart,Male,55,Seixal,nburkartcf@lycos.com,124564.47
449,Erna,Sevier,Female,62,Yipeng,eseviercg@yale.edu,6311.84
450,Michel,Strood,Male,49,Kambatatamakawu,mstroodch@google.com.hk,116670.0
451,Esra,Mockford,Male,55,Bhalil,emockfordci@cnbc.com,73519.5
452,Agace,Iddens,Female,56,Bonnyville,aiddenscj@ftc.gov,52907.58
453,Baxie,Eubank,Male,23,Bayangol,beubankck@desdev.cn,209955.14
454,Allard,Gosby,Male,26,Xiema,agosbycl@fc2.com,180979.29
455,Davis,Limerick,Male,25,Kekeri,dlimerickcm@feedburner.com,124930.02
456,Eddie,Heninghem,Male,24,Kitango,eheninghemcn@technorati.com,11706.48
457,Emmalee,McCurrie,Female,42,A-da-Gorda,emccurrieco@tinypic.com,203496.92
458,Venus,Collinwood,Female,28,Sayang Lauq,vcollinwoodcp@eventbrite.com,182368.0
459,Auberta,Nevitt,Female,37,Yoshii,anevittcq@eventbrite.com,217904.66
460,Erskine,MacKain,Male,53,La Quebrada,emackaincr@zdnet.com,201227.38
461,Leanor,MacGaffey,Female,47,Acopiara,lmacgaffeycs@usgs.gov,89896.21
462,Egbert,Noads,Male,57,Dongchuan,enoadsct@imageshack.us,37005.2
463,Tabbi,Slewcock,Female,50,San Isidro,tslewcockcu@ucoz.ru,180820.51
464,Patrice,Offiler,Female,48,Fengshan,poffilercv@tripod.com,
465,Kele,Tomala,Male,53,Shiban,ktomalacw@1688.com,168451.45
466,Maribelle,Cleft,Female,19,Sevan,mcleftcx@guardian.co.uk,10179.97
467,Dulce,Thunder,Female,59,Dasi,dthundercy@npr.org,63039.35
468,Amil,Hastilow,Female,19,Changsha,ahastilowcz@aol.com,208746.58
469,Norman,Challener,Male,57,Xuxiake,nchallenerd0@google.cn,127470.11
470,Charlotta,Moxham,Female,27,Kolwezi,cmoxhamd1@google.com,160910.24
471,Mallory,Linnett,Male,59,Randfontein,mlinnettd2@deliciousdays.com,5344.9
472,Marline,Kermannes,Female,52,Sidomukti,mkermannesd3@bbb.org,
473,Vanessa,Greener,Female,61,Agat Village,vgreenerd4@php.net,128436.01
474,Elane,Borton,Female,42,Rockford,ebortond5@arstechnica.com,52445.17
475,Alvinia,Parkisson,Female,27,Xarardheere,aparkissond6@gizmodo.com,189481.9
476,Benni,Deville,Female,26,Campo Quijano,bdevilled7@devhub.com,
477,Waldemar,Haslam,Male,52,T’et’ri Tsqaro,whaslamd8@google.cn,238787.87
478,Adrianna,Snalom,Female,18,Taiyang,asnalomd9@joomla.org,
479,Tadd,Coxall,Male,33,Duru,tcoxallda@yahoo.com,
480,Celestia,Nellen,Female,23,El Rancho,cnellendb@umn.edu,135966.96
481,Selie,Pugsley,Female,22,Barrie,spugsleydc@chronoengine.com,9112.09
482,Perri,Habbergham,Female,65,Gostyń,phabberghamdd@buzzfeed.com,134248.77
483,Shayne,Plinck,Female,53,Ferreira,splinckde@freewebs.com,215573.78
484,Claiborne,D'Alessio,Male,27,Lemland,cdalessiodf@over-blog.com,25977.73
485,Dilly,Cardis,Male,63,Labangka Satu,dcardisdg@timesonline.co.uk,138810.57
486,Gerda,McGilben,Female,58,Bicesse,gmcgilbendh@ibm.com,138430.63
487,Minne,Howsego,Female,65,Taxisco,mhowsegodi@taobao.com,118356.27
488,Tish,Boyan,Female,25,Ban Pong,tboyandj@redcross.org,22018.22
489,Andee,Littlefield,Female,35,Malishka,alittlefielddk@comcast.net,248126.29
490,Randie,Ivshin,Male,38,El Retorno,rivshindl@senate.gov,141168.69
491,Joela,Atter,Female,58,Delson,jatterdm@gmpg.org,125750.55
492,Sloan,Roache,Male,24,Paço,sroachedn@ca.gov,83106.94
493,Killie,Aust,Male,45,Siasi,kaustdo@trellian.com,231398.67
494,Reynolds,Coules,Male,35,Labney,rcoulesdp@twitter.com,127910.77
495,Fleurette,Walshaw,Female,50,Sebba,fwalshawdq@walmart.com,
496,Anderson,Welburn,Male,43,Uliastay,awelburndr@csmonitor.com,87682.93
497,Greggory,Bourner,Male,33,Chian Yai,gbournerds@state.tx.us,
498,Guido,Masse,Male,25,Gävle,gmassedt@independent.co.uk,138938.26
499,Manuel,Gabala,Male,35,Rače,mgabaladu@netvibes.com,133193.38
500,Xavier,Mainz,Male,34,Nong Khai,xmainzdv@cloudflare.com,
501,Sigismund,Vinall,Male,54,Jīroft,svinalldw@tmall.com,82919.59
502,Juli,Iwanicki,Female,44,Lapu-Lapu City,jiwanickidx@java.com,8260.2
503,Allx,Baumber,Female,19,Terong,abaumberdy@zimbio.com,138517.1
504,Jule,Puttick,Male,51,Lephalale,jputtickdz@macromedia.com,228108.0
505,Remy,Armstrong,Female,20,Safotu,rarmstronge0@youtube.com,227653.83
506,Chandal,Fellow,Female,21,Kuantan,cfellowe1@google.ru,135988.12
507,Prudence,Crockatt,Female,23,Kanchanaburi,pcrockatte2@thetimes.co.uk,140063.37
508,Lacy,McArdell,Female,64,Villa Ángela,lmcardelle3@bandcamp.com,91908.88
509,Gunilla,Murty,Female,47,Ning’an,gmurtye4@rediff.com,152819.64
510,Ilise,Groarty,Female,21,Changnyeong,igroartye5@constantcontact.com,
511,Selby,Towse,Male,51,Kagadi,stowsee6@tinyurl.com,95780.5
512,Lorens,Wellbank,Male,37,Salamanca,lwellbanke7@qq.com,140151.52
513,Elizabet,Humerstone,Female,49,Poconé,ehumerstonee8@wordpress.org,31302.08
514,Nettle,Bertenshaw,Female,19,Hønefoss,nbertenshawe9@nhs.uk,115541.87
515,Querida,Warbys,Female,39,Kota Kinabalu,qwarbysea@printfriendly.com,39943.04
516,Helenka,Crammy,Female,42,Mijiang,hcrammyeb@ustream.tv,
517,Nerta,Bobasch,Female,18,Bluefields,nbobaschec@w3.org,
518,Chere,Sapson,Female,51,Yinchuan,csapsoned@miibeian.gov.cn,
519,Layton,Humbee,Male,20,Slavuta,lhumbeeee@umich.edu,244790.21
520,Chiquita,Joynt,Female,28,Marsaxlokk,cjoyntef@themeforest.net,83636.39
521,Barby,Matthensen,Female,47,Bafang,bmatthenseneg@wordpress.com,144672.9
522,Millie,Hehnke,Female,63,Luqiao,mhehnkeeh@scribd.com,62597.47
523,Denis,McGrady,Male,22,Ögöömör,dmcgradyei@tmall.com,162178.9
524,Billy,Loveridge,Male,46,La Gi,bloveridgeej@slate.com,
525,Genny,Kelinge,Female,59,Bulung’ur,gkelingeek@qq.com,33600.05
526,Mateo,Clarkin,Male,53,Riangwale,mclarkinel@hatena.ne.jp,87333.93
527,Farlay,Dearlove,Male,50,Somié,fdearloveem@eepurl.com,46040.45
528,Malynda,Agglio,Female,42,Krajan,magglioen@admin.ch,
529,Emmaline,Grieve,Female,39,Kavieng,egrieveeo@about.me,160898.15
530,Wright,Allon,Male,25,Luxi,wallonep@yolasite.com,35528.27
531,Yvette,Turpey,Female,65,Xilin,yturpeyeq@odnoklassniki.ru,86067.2
532,Kaine,Skowcraft,Male,60,Khenifra,kskowcrafter@jimdo.com,60012.88
533,Sondra,Laingmaid,Female,55,Vale de Rolas,slaingmaides@examiner.com,64604.03
534,Zeb,Bound,Male,48,Shanggu,zboundet@reverbnation.com,
535,Othella,Oventon,Female,53,Zapod,ooventoneu@technorati.com,237592.49
536,Yale,Bridewell,Male,31,Pekijing,ybridewellev@addtoany.com,159872.4
537,Fairleigh,Sapp,Male,24,Rzewnie,fsappew@cargocollective.com,30188.63
538,Camila,Ewols,Female,62,Moss,cewolsex@narod.ru,218691.68
539,Marinna,Marklew,Female,55,Tagakpan,mmarklewey@posterous.com,67533.21
540,Hobey,Stace,Male,50,Houba,hstaceez@illinois.edu,230135.41
541,Jenni,Lidgey,Female,37,Motala,jlidgeyf0@xinhuanet.com,54962.0
542,Byran,Powley,Male,19,Jiakexi,bpowleyf1@eepurl.com,99397.06
543,Mikey,Dagleas,Male,45,Oodweyne,mdagleasf2@sogou.com,112132.4
544,Bram,Veale,Male,20,Palencia,bvealef3@spotify.com,128503.9
545,Randie,Restorick,Male,30,Buçimas,rrestorickf4@accuweather.com,144829.37
546,Sauncho,Samett,Male,45,Magomeni,ssamettf5@harvard.edu,60121.52
547,Constantia,Nend,Female,30,Leticia,cnendf6@msu.edu,86579.0
548,Sheppard,Wortt,Male,60,Norakert,sworttf7@loc.gov,231970.86
549,Demetris,Trevna,Female,18,Imtarfa,dtrevnaf8@independent.co.uk,171050.29
550,Keely,Goch,Female,54,Dayangqi,kgochf9@quantcast.com,113236.09
551,Jase,Guslon,Male,39,Kuznechikha,jguslonfa@nsw.gov.au,246256.91
552,Amby,Sharple,Male,64,Monticello,asharplefb@ustream.tv,133749.12
553,Oswald,Haysar,Male,40,Yangiqo‘rg‘on,ohaysarfc@globo.com,123356.78
554,Amelie,Mont,Female,21,Ipoh,amontfd@google.es,165411.23
555,Farrell,Icke,Male,52,Abbeville,fickefe@answers.com,146252.18
556,Clotilda,Atchly,Female,32,Pasarkayu,catchlyff@usda.gov,90447.07
557,Dodi,Armistead,Female,25,San Salvador,darmisteadfg@auda.org.au,27944.13
558,Hewe,Cheltnam,Male,36,Volovets,hcheltnamfh@geocities.jp,176417.61
559,Trudy,Scanlin,Female,50,Georgīevka,tscanlinfi@mysql.com,78465.76
560,Aldous,Hatter,Male,46,Nelas,ahatterfj@domainmarket.com,131276.15
561,Merl,Godfery,Female,41,Italó,mgodferyfk@purevolume.com,82461.28
562,Lezley,Pestor,Male,51,Gangkoujie,lpestorfl@ucoz.com,210905.29
563,Aldrich,Nunnery,Male,31,Paris 14,anunneryfm@intel.com,144688.72
564,Matt,Braniff,Male,56,Qandala,mbranifffn@webs.com,148953.13
565,Trix,Heikkinen,Female,23,København,theikkinenfo@mashable.com,198663.58
566,Stephani,Dunwoody,Female,24,Ljungby,sdunwoodyfp@mozilla.org,71524.96
567,Howie,Antoney,Male,21,Namyang-dong,hantoneyfq@ted.com,157621.37
568,Franklin,Birden,Male,60,Tarlac City,fbirdenfr@vkontakte.ru,
569,Ryon,Hanner,Male,36,Néa Karyá,rhannerfs@moonfruit.com,220221.79
570,Dionis,Penke,Female,45,Almeria,dpenkeft@smugmug.com,121539.19
571,Stillmann,Doogue,Male,21,Kladi,sdooguefu@toplist.cz,119590.18
572,Daryl,Colin,Male,25,Shiyu,dcolinfv@desdev.cn,80464.56
573,Cozmo,Chaudrelle,Male,64,Xilai,cchaudrellefw@t.co,71147.81
574,Randell,Wogden,Male,41,Jinshan,rwogdenfx@unesco.org,224541.03
575,Norris,Gislebert,Male,32,Karangdalam,ngislebertfy@ycombinator.com,
576,Will,Goodge,Male,33,Negoslavci,wgoodgefz@facebook.com,182299.51
577,Johny,Impleton,Male,61,Tétouan,jimpletong0@cnbc.com,56282.57
578,Westbrooke,Jahan,Male,32,Mangas,wjahang1@myspace.com,5956.75
579,Isabelita,Bigmore,Female,26,San Vicente,ibigmoreg2@oracle.com,192712.0
580,Martie,Cheshire,Male,41,Barra de Carrasco,mcheshireg3@icq.com,
581,Kakalina,Wapol,Female,26,Abadiânia,kwapolg4@vk.com,89797.32
582,Elliott,Kynd,Male,59,Kaišiadorys,ekyndg5@cocolog-nifty.com,53986.43
583,Inger,Herrieven,Female,50,Farkhor,iherrieveng6@yahoo.co.jp,245435.5
584,Carmelina,Duckett,Female,56,Itapetininga,cduckettg7@telegraph.co.uk,42420.67
585,Iorgos,Godsafe,Male,53,Uherský Brod,igodsafeg8@unc.edu,32965.3
586,Vera,Lewzey,Female,43,Donskoye,vlewzeyg9@twitter.com,22370.78
587,Kai,Farenden,Female,32,Chóra,kfarendenga@guardian.co.uk,
588,Ryley,Roaf,Male,60,Pengdian,rroafgb@woothemes.com,206910.64
589,Aldridge,Meece,Male,20,Taoshan,ameecegc@bing.com,162916.61
590,Sapphira,Doerr,Female,18,Buurhakaba,sdoerrgd@howstuffworks.com,149965.27
591,Martynne,Grisbrook,Female,38,Būlaevo,mgrisbrookge@oracle.com,49906.39
592,Agustin,Wathen,Male,29,Buchou,awathengf@cdbaby.com,237616.59
593,Danny,Saurin,Female,56,Olenyok,dsauringg@alibaba.com,153378.89
594,Yardley,Maughan,Male,45,Zhangshi,ymaughangh@usgs.gov,230554.1
595,Ester,Juschke,Female,55,Busdi,ejuschkegi@tmall.com,
596,Marcia,Feldmesser,Female,19,Konga,mfeldmessergj@google.nl,191214.1
597,Ondrea,Fromont,Female,34,Vereya,ofromontgk@dyndns.org,48698.27
598,Colleen,Zimmermeister,Female,64,Cabagan,czimmermeistergl@domainmarket.com,17599.23
599,Martino,Barczewski,Male,61,Djibo,mbarczewskigm@freewebs.com,85132.28
600,Andris,Lupson,Male,34,Písečná,alupsongn@blinklist.com,55177.46
601,Warden,Di Pietro,Male,61,Kauniainen,wdipietrogo@myspace.com,169246.61
602,Duky,Erb,Male,65,København,derbgp@npr.org,36743.27
603,Barty,Braid,Male,30,Bukal,bbraidgq@sfgate.com,239872.19
604,Ardith,Gehricke,Female,23,Odoyev,agehrickegr@ucoz.ru,14843.35
605,Haily,Corrigan,Female,50,Huangshanguan,hcorrigangs@java.com,8357.16
606,Darline,Huriche,Female,19,Fargo,dhurichegt@diigo.com,30361.19
607,Angeline,Loynton,Female,29,Yerofey Pavlovich,aloyntongu@oakley.com,110425.09
608,Dunc,Quare,Male,49,Pingdingshan,dquaregv@cbsnews.com,110570.17
609,Salvatore,Rollason,Male,55,Xinglongquan,srollasongw@ft.com,157738.81
610,Mariellen,Cutting,Female,52,Sơn Tây,mcuttinggx@apple.com,218571.67
611,Cedric,Keling,Male,44,Sumurwaru,ckelinggy@jalbum.net,85764.08
612,Tarrance,Bolter,Male,26,Cepões,tboltergz@jigsy.com,177071.69
613,Zachariah,Oneill,Male,20,Zhovkva,zoneillh0@opensource.org,185178.07
614,Raffaello,Kondratenya,Male,25,San Francisco,rkondratenyah1@mail.ru,208366.44
615,Perren,Coomer,Male,57,Cilated,pcoomerh2@ucla.edu,168067.66
616,Helsa,Ingraham,Female,61,At Tāj,hingrahamh3@facebook.com,
617,Seward,Arons,Male,57,Varakļāni,saronsh4@ocn.ne.jp,229663.97
618,Alberto,Leward,Male,65,Umeå,alewardh5@e-recht24.de,60050.33
619,Hersh,Duffet,Male,46,Beaufort,hduffeth6@flavors.me,
620,Samson,Gotecliffe,Male,55,Huangyang,sgotecliffeh7@vinaora.com,6948.08
621,Abey,Hayfield,Male,61,Zhangdian,ahayfieldh8@ucla.edu,105999.0
622,Templeton,Bridgman,Male,42,Daping,tbridgmanh9@hostgator.com,101285.72
623,Alida,Hurdman,Female,22,Tuopu Luke,ahurdmanha@etsy.com,29627.78
624,Delmer,Couvet,Male,47,Duang,dcouvethb@delicious.com,114768.44
625,Averil,Burkinshaw,Male,50,Sukowono,aburkinshawhc@usgs.gov,49436.23
626,Donal,Bensley,Male,32,Chimbote,dbensleyhd@printfriendly.com,215843.58
627,Kip,O'Doherty,Male,30,Oof,kodohertyhe@sitemeter.com,132446.25
628,Lewie,Reimer,Male,51,Chervone,lreimerhf@shop-pro.jp,33285.0
629,Fionna,Oswick,Female,20,Sidaharja,foswickhg@pcworld.com,72175.61
630,Darline,Shovell,Female,55,Montijo,dshovellhh@themeforest.net,40893.95
631,Frederich,Osbaldstone,Male,23,Al Qubbah,fosbaldstonehi@stanford.edu,200109.13
632,Welsh,Daniau,Male,48,Xiadu,wdaniauhj@wikia.com,
633,Flora,Boorne,Female,45,Soufrière,fboornehk@go.com,110505.11
634,Stacy,Dorrins,Female,19,Vicente Guerrero,sdorrinshl@wiley.com,32288.19
635,Pen,McNeish,Male,38,Byuravan,pmcneishhm@squidoo.com,112556.08
636,Nappy,Hugle,Male,18,Xinglongchang,nhuglehn@weebly.com,160811.96
637,Ronni,Arpin,Female,32,Perniö,rarpinho@nsw.gov.au,115833.93
638,Betsy,Biermatowicz,Female,49,Songyuan,bbiermatowiczhp@canalblog.com,245017.32
639,Correy,Sowood,Male,41,Žrnovnica,csowoodhq@pinterest.com,184241.83
640,Ced,Sarsons,Male,25,Lambangan Kulon,csarsonshr@simplemachines.org,164345.61
641,Maurice,Tolemache,Male,57,Amargosa,mtolemachehs@fc2.com,33016.19
642,Christye,Flode,Female,21,Saint-Pierre,cflodeht@vkontakte.ru,241227.67
643,Bernie,Doudny,Female,60,Taichung,bdoudnyhu@omniture.com,105000.16
644,Tim,Mattaser,Male,31,Campos Novos,tmattaserhv@craigslist.org,235209.63
645,Cornall,Cotterel,Male,41,Logroño,ccotterelhw@psu.edu,249416.0
646,Verge,Vedyasov,Male,65,Sonder,vvedyasovhx@elegantthemes.com,129756.41
647,Aurie,Spat,Female,65,Černovice,aspathy@gravatar.com,105316.12
648,Shari,Slorance,Female,47,Srinjine,sslorancehz@illinois.edu,
649,Ginny,Suddaby,Female,49,Santa Teresa,gsuddabyi0@unblog.fr,77596.21
650,Sigmund,Malec,Male,25,Enköping,smaleci1@ted.com,24194.24
651,Angeli,Jeromson,Male,64,Koímisi,ajeromsoni2@scientificamerican.com,170545.52
652,Casey,Fowler,Male,37,Velestíno,cfowleri3@sourceforge.net,124711.88
653,Johanna,Sutty,Female,56,Jobabo,jsuttyi4@discovery.com,58470.09
654,Cash,Geary,Male,52,Santiago Nonualco,cgearyi5@msu.edu,191151.3
655,Aland,Greason,Male,60,El Galpón,agreasoni6@nifty.com,
656,Theadora,Haddow,Female,50,Catayauan,thaddowi7@skyrock.com,
657,Morgun,Amos,Male,32,Cumanacoa,mamosi8@telegraph.co.uk,226179.76
658,Mira,Frisel,Female,26,Dąbie,mfriseli9@csmonitor.com,59145.23
659,Marcella,Olivia,Female,49,Mazatenango,moliviaia@google.com.au,172746.97
660,Jere,Ivanchikov,Male,46,Guicheng,jivanchikovib@issuu.com,98712.57
661,Ernest,Amsden,Male,45,Tagta,eamsdenic@oracle.com,
662,Rosana,Eat,Female,37,Caracal,reatid@reference.com,14364.72
663,Zorina,Bruhn,Female,38,Phoenix,zbruhnie@utexas.edu,
664,Vikki,Clayson,Female,30,Aime,vclaysonif@mapquest.com,48261.0
665,Mable,Yerby,Female,61,Češinovo,myerbyig@photobucket.com,173816.33
666,Edouard,Hallut,Male,32,Khamis Mushait,ehallutih@latimes.com,29670.61
667,Kerry,Eggar,Male,61,Lions Bay,keggarii@blogs.com,80139.46
668,Roxane,Athey,Female,57,Kasturi,ratheyij@ebay.com,27631.39
669,Emmett,Seide,Male,41,Frederiksberg,eseideik@chron.com,36192.73
670,Ian,Tax,Male,30,Oslo,itaxil@nasa.gov,142743.39
671,Quincy,Mibourne,Male,36,Taurage,qmibourneim@businessinsider.com,94705.11
672,Errol,Laxton,Male,24,Kungsör,elaxtonin@deliciousdays.com,155788.89
673,Pryce,Antognozzii,Male,29,Bratislava,pantognozziiio@google.com.br,15110.7
674,Nikoletta,Dryden,Female,56,Puhechang,ndrydenip@pbs.org,224917.96
675,Wain,Sharrier,Male,61,Antipolo,wsharrieriq@archive.org,
676,Olympie,MacAnespie,Female,38,Morales,omacanespieir@eepurl.com,237004.9
677,Myrtie,Stannion,Female,50,Meijiang,mstannionis@prweb.com,175955.07
678,Harald,Gilbride,Male,63,Pogranichnyy,hgilbrideit@mlb.com,120548.12
679,Fraze,Shwalbe,Male,23,Pisz,fshwalbeiu@quantcast.com,204869.24
680,Desiri,Jatczak,Female,47,Graneros,djatczakiv@psu.edu,67414.46
681,Georges,Gavrielly,Male,45,Yamen,ggavriellyiw@trellian.com,
682,Marguerite,Chataignier,Female,30,Novobeysugskaya,mchataignierix@epa.gov,197896.45
683,Lyn,McDowell,Male,31,Canton,lmcdowelliy@issuu.com,
684,Arri,Breache,Male,46,Basiong,abreacheiz@merriam-webster.com,243100.68
685,Keen,Basnett,Male,57,Puerto Iguazú,kbasnettj0@bandcamp.com,
686,Maggi,Dudney,Female,50,Kakaek,mdudneyj1@nymag.com,244324.1
687,Fanni,Bolsteridge,Female,49,Jiaoshanhe,fbolsteridgej2@ucoz.com,175191.57
688,Jenn,Angeau,Female,38,Taohua,jangeauj3@gnu.org,161304.08
689,Henrietta,Overton,Female,21,Elassóna,hovertonj4@technorati.com,78437.28
690,Kesley,Jursch,Female,32,Caraga,kjurschj5@berkeley.edu,57124.66
691,Edithe,Pirelli,Female,40,New Leyte,epirellij6@disqus.com,8299.73
692,Fred,Pendered,Female,30,Pruzhany,fpenderedj7@miitbeian.gov.cn,220259.28
693,Dyanne,Kohler,Female,20,Adzopé,dkohlerj8@china.com.cn,240379.54
694,Boote,Heibl,Male,41,Librazhd,bheiblj9@domainmarket.com,
695,Mischa,Reddie,Male,41,Yingshouyingzi,mreddieja@networkadvertising.org,111575.31
696,Antoinette,Sheepy,Female,38,Aoshi,asheepyjb@people.com.cn,178550.9
697,Vinnie,Potebury,Female,28,Ribeiro,vpoteburyjc@tinypic.com,88412.05
698,Alexio,Hawtry,Male,59,Shchëkino,ahawtryjd@tripadvisor.com,
699,Fonzie,Ayllett,Male,25,Mawza‘,fayllettje@mysql.com,161386.98
700,Daryn,Haxell,Female,38,Toyós,dhaxelljf@xinhuanet.com,174713.06
701,Maribel,Behr,Female,18,Capioví,mbehrjg@stumbleupon.com,186623.76
702,Zulema,Ritelli,Female,25,Ipoh,zritellijh@ycombinator.com,58980.22
703,Drucy,Ros,Female,28,Lins,drosji@desdev.cn,197924.02
704,Norbert,Heinig,Male,36,Curitibanos,nheinigjj@dion.ne.jp,
705,Zoe,Dello,Female,60,Yashiro,zdellojk@ftc.gov,
706,Jo-anne,Oslar,Female,38,Grosuplje,joslarjl@ucsd.edu,116499.6
707,Garrik,Elks,Male,65,Simpang,gelksjm@privacy.gov.au,112832.27
708,Sharona,McRobbie,Female,53,Vila do Bispo,smcrobbiejn@fastcompany.com,46992.57
709,Sondra,Crossby,Female,20,Zuocun,scrossbyjo@last.fm,96904.34
710,Lief,Cherrington,Male,30,Konongo,lcherringtonjp@networkadvertising.org,
711,Kriste,Bellringer,Female,28,Qingxi,kbellringerjq@apache.org,
712,Trudy,De Mico,Female,44,Cap-Santé,tdemicojr@mit.edu,233270.49
713,Lindsay,De Gregario,Male,36,Koatas Lao,ldegregariojs@goo.gl,136490.95
714,Kassie,Iglesia,Female,25,Kauditan,kiglesiajt@hubpages.com,188226.47
715,Elie,Wollaston,Female,23,Cabugao,ewollastonju@soup.io,185369.94
716,Michel,Blachford,Male,25,Opařany,mblachfordjv@bizjournals.com,143536.66
717,Darrelle,Cheales,Female,46,Devesa,dchealesjw@yelp.com,132472.51
718,Aristotle,Schurcke,Male,22,Saint Ann’s Bay,aschurckejx@stanford.edu,128032.58
719,Benita,Bann,Female,46,Pegões,bbannjy@quantcast.com,171021.26
720,Nye,Vinsen,Male,21,Huizhou,nvinsenjz@nps.gov,99164.09
721,Malvin,Domegan,Male,27,Maundai,mdomegank0@themeforest.net,230734.31
722,Paulita,Jedrys,Female,62,Dongke,pjedrysk1@walmart.com,218032.96
723,Jud,Tomasi,Male,45,Marne-la-Vallée,jtomasik2@yandex.ru,137368.06
724,Nicolai,O' Sullivan,Male,44,Jinping,nosullivank3@freewebs.com,158502.98
725,Eadith,Courtonne,Female,37,Sosnovaya Polyana,ecourtonnek4@feedburner.com,165627.72
726,Alena,Sumpter,Female,42,Guifeng,asumpterk5@wordpress.org,245809.11
727,Janey,Sheilds,Female,22,Pasongsongan,jsheildsk6@businessinsider.com,32978.35
728,Dana,Dady,Female,52,Lab,ddadyk7@mail.ru,95827.15
729,Stefanie,Thackwray,Female,55,Sanlicheng,sthackwrayk8@springer.com,202313.36
730,Ab,Conelly,Male,43,Budapest,aconellyk9@washingtonpost.com,
731,Emmery,Roze,Male,51,Dongmazar,erozeka@4shared.com,
732,Wilhelmine,Summerell,Female,33,Sasar,wsummerellkb@4shared.com,
733,Levin,Darlow,Male,32,Lebane,ldarlowkc@slashdot.org,172851.67
734,Howie,Camili,Male,58,Aimorés,hcamilikd@merriam-webster.com,66067.18
735,Enriqueta,Kenney,Female,55,Comodoro Rivadavia,ekenneyke@earthlink.net,
736,Bernette,Baud,Female,27,Sanzao,bbaudkf@ameblo.jp,60037.28
737,Ashton,Hawarden,Male,28,Kimito,ahawardenkg@fotki.com,
738,Wilmer,Isakowicz,Male,39,Biryukove,wisakowiczkh@who.int,36229.85
739,Deanne,Doby,Female,56,Kousa,ddobyki@tmall.com,116243.12
740,Dorris,Crosgrove,Female,56,Taifu,dcrosgrovekj@usatoday.com,220827.25
741,Haleigh,Cranny,Male,56,Guaxupé,hcrannykk@google.it,
742,Aubrie,Lewknor,Female,25,Artsvanist,alewknorkl@buzzfeed.com,242518.07
743,Torr,Shurmer,Male,64,Longfengba,tshurmerkm@blinklist.com,135074.1
744,Siusan,Thurston,Female,34,Łapanów,sthurstonkn@abc.net.au,117379.89
745,Gene,Lyes,Male,18,Sadowie,glyesko@loc.gov,135568.27
746,Tatum,Rosenberger,Female,29,Prosperidad,trosenbergerkp@sfgate.com,53789.55
747,Lucian,Giffard,Male,46,Tayug,lgiffardkq@ebay.com,239008.27
748,Lorna,Osmund,Female,62,Sanjiang,losmundkr@google.co.uk,42609.86
749,Wang,Girone,Male,51,Bamban,wgironeks@usa.gov,78427.69
750,Tito,Menezes,Male,47,Budagovo,tmenezeskt@devhub.com,
751,Lek,Oliff,Male,37,Rāvar,loliffku@java.com,172458.75
752,Hewett,Sayers,Male,27,Rosário do Sul,hsayerskv@ted.com,181538.75
753,Jessee,Domanski,Male,55,Duncans,jdomanskikw@printfriendly.com,225716.9
754,Margalo,Vaughton,Female,64,Ampelókipoi,mvaughtonkx@archive.org,6834.16
755,Desiree,Rubinivitz,Female,53,Kota Bharu,drubinivitzky@xinhuanet.com,167196.55
756,Gery,McCarver,Male,47,Jabat,gmccarverkz@google.nl,231631.08
757,Moise,Mityushkin,Male,21,Krajan,mmityushkinl0@fema.gov,59542.0
758,Mareah,Lindfors,Female,22,Kolbudy,mlindforsl1@redcross.org,61456.55
759,Jessamine,Hutcheon,Female,47,Arvika,jhutcheonl2@typepad.com,28986.09
760,Rosalyn,Dominighi,Female,61,Novoorsk,rdominighil3@bravesites.com,60380.47
761,Carla,Barney,Female,62,Vuzenica,cbarneyl4@telegraph.co.uk,211055.57
762,Noellyn,Benardet,Female,62,Smyshlyayevka,nbenardetl5@github.com,48349.66
763,Audrie,Raccio,Female,27,Pleiku,aracciol6@fda.gov,193333.45
764,Phineas,Mulrooney,Male,43,Maubasa,pmulrooneyl7@plala.or.jp,125187.35
765,Elysha,Desaur,Female,50,Adela,edesaurl8@sitemeter.com,84640.41
766,Randy,Harness,Female,59,Capitão Poço,rharnessl9@bing.com,
767,Yardley,Rennock,Male,55,Landivisiau,yrennockla@github.io,232369.99
768,Fanny,Froggatt,Female,55,Al ‘Udayn,ffroggattlb@techcrunch.com,184704.31
769,Isidore,Karleman,Male,37,Dohār,ikarlemanlc@t-online.de,197931.07
770,Phedra,Treby,Female,45,Thoen,ptrebyld@nba.com,110843.77
771,Lenore,Sunman,Female,57,Turku,lsunmanle@tmall.com,
772,Cristobal,Bugge,Male,58,Shicheng,cbuggelf@topsy.com,161823.58
773,Moselle,Forbear,Female,29,Caloue,mforbearlg@dyndns.org,168106.65
774,Judy,Offord,Female,64,Mumias,joffordlh@umn.edu,130132.22
775,Micheline,Oakeby,Female,24,Kalilu,moakebyli@tripod.com,89105.98
776,Barnabe,Archdeckne,Male,52,Buynichy,barchdecknelj@storify.com,
777,Eugen,Pither,Male,21,Säffle,epitherlk@unc.edu,159890.66
778,Dilan,Albertson,Male,38,Otuke,dalbertsonll@merriam-webster.com,221787.95
779,Lennard,Aron,Male,39,Zhangzhen,laronlm@sina.com.cn,
780,Ahmad,Simonazzi,Male,35,Cibatu,asimonazziln@google.pl,95226.91
781,Sim,Spaule,Male,38,Bitkine,sspaulelo@smh.com.au,81843.47
782,Clovis,Gozney,Female,40,Allealle,cgozneylp@miibeian.gov.cn,87693.86
783,Corty,Becks,Male,24,Jinkou,cbeckslq@google.nl,25539.97
784,Yasmeen,Prandin,Female,65,Manjing,yprandinlr@nationalgeographic.com,227630.27
785,Mychal,Klemenz,Male,26,Annecy,mklemenzls@gov.uk,
786,Genna,Condliffe,Female,62,Grand Sable,gcondliffelt@freewebs.com,143482.53
787,Hattie,Masserel,Female,58,Gufeng,hmasserellu@examiner.com,20462.52
788,Ellswerth,Brient,Male,60,Tumaco,ebrientlv@alibaba.com,102577.6
789,Marthena,Mullins,Female,58,Bouctouche,mmullinslw@europa.eu,
790,Timmy,Seeking,Male,54,Severnyy,tseekinglx@tinyurl.com,118265.5
791,Alexandra,Meltetal,Female,35,Bamenda,ameltetally@over-blog.com,21308.18
792,Keene,Schoenleiter,Male,57,Komatsushimachō,kschoenleiterlz@psu.edu,87335.71
793,Kimmy,Minnis,Female,63,Buzet,kminnism0@ning.com,115225.05
794,Henrik,Stanway,Male,57,Ambatondrazaka,hstanwaym1@smugmug.com,40247.58
795,Yolane,Linke,Female,19,Sacramento,ylinkem2@google.com.hk,6852.23
796,Ardys,Moodie,Female,33,Panambi,amoodiem3@cnbc.com,177210.14
797,Vassily,Guidone,Male,52,Viimsi,vguidonem4@de.vu,235859.26
798,Haleigh,Poter,Female,34,Tycheró,hpoterm5@slashdot.org,91906.73
799,Virgil,Chugg,Male,32,Janiuay,vchuggm6@indiatimes.com,165687.93
800,Jamie,Pickrell,Female,58,Boulsa,jpickrellm7@irs.gov,
801,Eda,Bohlje,Female,24,Nacka,ebohljem8@freewebs.com,
802,Liam,Greenshiels,Male,58,Chongqing,lgreenshielsm9@tamu.edu,71987.46
803,Scotty,Lippett,Male,39,Todorovo,slippettma@sourceforge.net,92188.16
804,Lari,Diggle,Female,33,Kadubadak,ldigglemb@sphinn.com,95227.41
805,Marty,Setterington,Female,39,Shah Alam,msetteringtonmc@nsw.gov.au,102687.13
806,Helga,Paridge,Female,34,Haiyanmiao,hparidgemd@unesco.org,62388.18
807,Annalise,Brown,Female,40,Jesús María,abrownme@ox.ac.uk,175744.38
808,Judie,Gonin,Female,47,Živinice,jgoninmf@dell.com,144440.31
809,Moss,Hillin,Male,22,Gedangan,mhillinmg@msn.com,106188.64
810,Lyell,Blaxter,Male,55,Puerto Eldorado,lblaxtermh@google.co.jp,69598.51
811,Cicely,Twidell,Female,50,Ust’-Dzheguta,ctwidellmi@telegraph.co.uk,192878.33
812,Aymer,Tollett,Male,19,Berlin,atollettmj@cnn.com,50697.39
813,Tod,Bartoletti,Male,28,Pontivy,tbartolettimk@telegraph.co.uk,221364.14
814,Emmery,Corley,Male,26,Renshan,ecorleyml@nytimes.com,197914.08
815,Chevalier,Bartosek,Male,18,Kavadarci,cbartosekmm@bizjournals.com,42524.67
816,Marleen,Guillard,Female,47,Kuhmalahti,mguillardmn@mapquest.com,62087.72
817,Moselle,Wragg,Female,52,Liloy,mwraggmo@godaddy.com,137675.52
818,Rorie,Billborough,Female,23,Jibu,rbillboroughmp@bing.com,106405.85
819,Colver,Cockrem,Male,64,Gamut,ccockremmq@craigslist.org,237254.37
820,Knox,Vernon,Male,37,San José de Barlovento,kvernonmr@marriott.com,32892.06
821,Rodrique,Carlon,Male,24,Maués,rcarlonms@howstuffworks.com,118006.76
822,Tarah,Aiston,Female,42,Tīrān,taistonmt@bluehost.com,116052.76
823,Dorris,Gay,Female,46,Sumberan,dgaymu@goo.gl,216609.25
824,Laraine,Larenson,Female,35,Taluncemara,llarensonmv@reuters.com,43042.35
825,Guglielmo,Smitheram,Male,52,Nangakeo,gsmitherammw@simplemachines.org,182108.19
826,Sayre,Gammel,Male,25,Zhaodong,sgammelmx@artisteer.com,14661.69
827,Olympie,Zamora,Female,40,Dobra,ozamoramy@wsj.com,162878.21
828,Bevvy,Swalowe,Female,46,Kourou,bswalowemz@paypal.com,28008.4
829,Jannel,Lindsay,Female,59,Asheville,jlindsayn0@cdbaby.com,29170.75
830,Anallise,Antalffy,Female,61,Patalan,aantalffyn1@linkedin.com,118661.73
831,Dorree,O'Dooghaine,Female,60,Peruíbe,dodooghainen2@google.de,
832,Michel,Ganford,Female,30,Pervomayskoye,mganfordn3@imgur.com,149973.61
833,Juana,Phipp,Female,47,Xiaruyue,jphippn4@so-net.ne.jp,20909.18
834,Gilbertina,Willetts,Female,43,Briey,gwillettsn5@cnbc.com,40493.78
835,Francoise,Ferreri,Female,19,San Andres,fferrerin6@ftc.gov,24366.89
836,Darren,Brunnstein,Male,51,Masḩah,dbrunnsteinn7@ask.com,108335.43
837,Rosina,Poulston,Female,58,Aliaga,rpoulstonn8@ftc.gov,25566.55
838,Belvia,Candie,Female,25,Zehak,bcandien9@discuz.net,79372.67
839,Ardeen,Burgyn,Female,46,Castañas,aburgynna@tamu.edu,27560.62
840,Gonzales,Burth,Male,63,Masty,gburthnb@nymag.com,34591.25
841,Nefen,Gaythor,Male,35,Detroit,ngaythornc@networksolutions.com,
842,Zolly,Kippax,Male,18,Lingyang,zkippaxnd@nsw.gov.au,172128.06
843,Nicholle,Lorain,Female,55,Hexi,nlorainne@google.ca,228858.65
844,Osborn,Zink,Male,24,Alma,ozinknf@intel.com,224501.46
845,Manon,Whitland,Female,59,Wamba,mwhitlandng@loc.gov,161716.76
846,Kinnie,Tawse,Male,50,Wakema,ktawsenh@cornell.edu,193719.34
847,Abram,Tessier,Male,41,Stare Kurowo,atessierni@uol.com.br,102395.25
848,Janene,Rontree,Female,31,Tugulym,jrontreenj@booking.com,41364.41
849,Desmond,Sterricker,Male,42,Olutanga,dsterrickernk@seesaa.net,
850,Merralee,Attarge,Female,53,Rada Tilly,mattargenl@squarespace.com,
851,Kendal,Darnbrook,Male,39,Conceição da Barra,kdarnbrooknm@last.fm,156618.45
852,Kristien,Bortolini,Female,32,Ricardo Flores Magon,kbortolininn@bloglovin.com,
853,Welsh,Coytes,Male,21,Rivas,wcoytesno@1und1.de,
854,Kaitlin,Mudie,Female,23,Gereykhanovskoye,kmudienp@unblog.fr,107068.2
855,Harri,Kingscote,Female,31,Dongkeng,hkingscotenq@ask.com,120106.22
856,Euell,Pitway,Male,57,Ciseureuheun,epitwaynr@ucsd.edu,191462.04
857,Silvester,Smails,Male,26,Caacupé,ssmailsns@examiner.com,75561.1
858,Toma,Iacomo,Female,48,Anderstorp,tiacomont@edublogs.org,210980.38
859,Augustin,Rydings,Male,31,Shuanghe,arydingsnu@wikia.com,238899.78
860,Renado,Secombe,Male,50,Vamvakoú,rsecombenv@altervista.org,130912.97
861,Adoree,Linkin,Female,45,Yingdianjie,alinkinnw@cocolog-nifty.com,
862,Vittorio,Adamo,Male,25,Rîbniţa,vadamonx@nydailynews.com,9348.5
863,Sumner,Frazer,Male,47,Willowmore,sfrazerny@japanpost.jp,104660.08
864,Con,Da Costa,Male,23,Patapan,cdacostanz@paginegialle.it,225719.68
865,Sasha,Paskell,Female,38,San Vicente,spaskello0@stanford.edu,129504.2
866,Guillermo,Tuer,Male,57,Santa Catalina,gtuero1@vistaprint.com,149886.18
867,Vaclav,Houson,Male,52,Glushkovo,vhousono2@taobao.com,65776.15
868,Jone,Clemes,Male,48,Musina,jclemeso3@aol.com,18028.44
869,Rachelle,Jeremiah,Female,46,Deneysville,rjeremiaho4@kickstarter.com,61050.27
870,Cassey,Cranmore,Female,59,Yerevan,ccranmoreo5@goo.gl,27906.16
871,Mateo,Bernardeau,Male,31,Shouxihu,mbernardeauo6@sphinn.com,221964.96
872,Lance,Bundock,Male,42,Vila Franca do Campo,lbundocko7@nsw.gov.au,
873,Daren,Broune,Male,46,Tabuadelo,dbrouneo8@columbia.edu,126661.12
874,Farrand,Le Provost,Female,19,Francisco I Madero,fleprovosto9@tinypic.com,230704.87
875,Dalila,Mogey,Female,28,Kaesŏng,dmogeyoa@msn.com,150454.69
876,Malissia,Thickin,Female,32,Taojiahe,mthickinob@geocities.jp,24361.9
877,Meggy,Pidgeon,Female,57,Pengjia Zhaizi,mpidgeonoc@geocities.com,123958.38
878,Tiebout,Haymes,Male,24,Rotterdam,thaymesod@360.cn,56255.93
879,Maighdiln,Hulks,Female,61,Oslo,mhulksoe@samsung.com,
880,Boycie,Lande,Male,60,Bireun,blandeof@cbc.ca,
881,Scarlett,Southerden,Female,60,Varna,ssoutherdenog@ibm.com,213307.28
882,Truda,Weldrick,Female,63,Zruč nad Sázavou,tweldrickoh@cafepress.com,
883,Eddie,Bhatia,Male,23,Haodi,ebhatiaoi@spiegel.de,35844.66
884,Gordon,Kennham,Male,40,Morris,gkennhamoj@hatena.ne.jp,
885,Geneva,Adelberg,Female,44,Shchelkovo,gadelbergok@cdc.gov,106433.13
886,Cull,Tiley,Male,19,Bakaran Kulon,ctileyol@boston.com,95489.63
887,Julienne,Boyfield,Female,49,Güira de Melena,jboyfieldom@elegantthemes.com,187458.33
888,Wildon,Leele,Male,45,New Panamao,wleeleon@indiatimes.com,219608.99
889,Derrick,Goldby,Male,32,Potok Złoty,dgoldbyoo@w3.org,103532.59
890,Koren,Rummins,Female,36,Bendan,krumminsop@blinklist.com,148778.33
891,Aurelia,Cyphus,Female,26,Alençon,acyphusoq@hp.com,48717.77
892,Rori,Rame,Female,18,Karlskrona,rrameor@csmonitor.com,
893,Jena,Masurel,Female,64,Perštejn,jmasurelos@mozilla.com,25814.45
894,Anna-maria,Shawe,Female,43,Murun-kuren,ashaweot@smugmug.com,248422.48
895,Roscoe,Hamman,Male,21,Pakong,rhammanou@dmoz.org,79311.45
896,Raymond,Blanchette,Male,61,Padurung,rblanchetteov@weibo.com,137853.25
897,Ranique,Schwier,Female,45,Paracatu,rschwierow@tinyurl.com,82801.06
898,Leshia,MacTerrelly,Female,37,Langnga,lmacterrellyox@ebay.co.uk,188685.75
899,Stavro,Barajaz,Male,37,Jucás,sbarajazoy@1und1.de,
900,Bobbette,Verdy,Female,47,Skalánion,bverdyoz@nationalgeographic.com,
901,Raviv,Yelding,Male,50,Santa Cruz,ryeldingp0@amazon.co.jp,125181.71
902,Fransisco,Ollivierre,Male,64,Svitlovods’k,follivierrep1@shutterfly.com,109374.2
903,Maurie,Anthoney,Male,54,Sumurwaru,manthoneyp2@oracle.com,135932.31
904,Ophelia,Harle,Female,44,Hronov,oharlep3@ustream.tv,25778.45
905,Ulysses,Petrishchev,Male,40,Dalkey,upetrishchevp4@walmart.com,204669.84
906,Gunar,Edginton,Male,25,Tumu,gedgintonp5@instagram.com,186748.62
907,Danit,Oleshunin,Female,55,Tagum,doleshuninp6@wisc.edu,138029.23
908,Stanley,Hawick,Male,39,Phu Khiao,shawickp7@spiegel.de,
909,Esteban,Couling,Male,64,Huaquirca,ecoulingp8@wufoo.com,241888.51
910,Wallas,Milley,Male,46,Bogo,wmilleyp9@parallels.com,
911,Shelby,Balding,Male,29,‘Eilabun,sbaldingpa@bloglovin.com,62381.76
912,Karly,Danihel,Female,28,Novoukrayinka,kdanihelpb@nps.gov,17195.1
913,Caleb,Ratazzi,Male,57,Butajīra,cratazzipc@sbwire.com,232346.48
914,Grover,Domotor,Male,30,Kasina Wielka,gdomotorpd@spotify.com,54682.24
915,Ty,Silmon,Male,32,Dal’neye Konstantinovo,tsilmonpe@buzzfeed.com,151119.03
916,Orelie,Wilshere,Female,45,Lahad Datu,owilsherepf@state.tx.us,233594.43
917,Prisca,de Najera,Female,56,Kadugannawa,pdenajerapg@de.vu,236213.34
918,Vidovic,Spray,Male,20,Chernyshkovskiy,vsprayph@amazon.co.uk,40952.55
919,Cornall,Hully,Male,18,Dungkek Laok,chullypi@t-online.de,
920,Lucius,Loftie,Male,23,Quế Sơn,lloftiepj@hibu.com,205114.95
921,Abagael,Leathwood,Female,48,Sobral da Abelheira,aleathwoodpk@usnews.com,31104.44
922,Major,Brigg,Male,31,Bukal,mbriggpl@tamu.edu,48648.29
923,Jerrine,Finder,Female,42,Carvalhal Redondo,jfinderpm@gov.uk,181484.89
924,Ave,Alwen,Male,49,Argungu,aalwenpn@cdbaby.com,80419.03
925,Jarret,Croneen,Male,19,Savé,jcroneenpo@adobe.com,242970.29
926,Amara,Pollok,Female,50,Beranci,apollokpp@chronoengine.com,30261.44
927,Harwilll,Goodband,Male,50,Pengchang,hgoodbandpq@cpanel.net,
928,Lewiss,Locke,Male,28,Fómeque,llockepr@mac.com,199858.2
929,Rosalinde,Codi,Female,58,Kirovskaya,rcodips@pen.io,50332.59
930,Roley,Murrish,Male,36,Dongyuan,rmurrishpt@ycombinator.com,
931,Gib,Starrs,Male,21,Turan,gstarrspu@miitbeian.gov.cn,22466.21
932,Akim,Broscombe,Male,49,Botucatu,abroscombepv@liveinternet.ru,
933,Evangelia,Learmount,Female,59,Niort,elearmountpw@weibo.com,45421.93
934,Ellswerth,Meates,Male,39,Mufushan,emeatespx@senate.gov,
935,Bronny,Hanton,Male,49,Chaeryŏng-ŭp,bhantonpy@businessweek.com,60084.19
936,Clemmy,Ferneley,Male,36,Santa Catalina,cferneleypz@washington.edu,165887.51
937,Lorrie,Aldred,Female,59,Pingdingbu,laldredq0@marriott.com,112571.35
938,Jules,Clancey,Male,49,Fort Abbās,jclanceyq1@plala.or.jp,243128.32
939,Donnajean,Hadley,Female,32,Bacabal,dhadleyq2@fastcompany.com,224166.53
940,Benji,Trosdall,Male,63,Chak,btrosdallq3@va.gov,241996.27
941,Dag,Mullinger,Male,34,Žemaičių Naumiestis,dmullingerq4@samsung.com,208875.44
942,Kylen,Roly,Female,28,El Paraiso,krolyq5@guardian.co.uk,
943,Moore,Maddra,Male,22,Sumberagung,mmaddraq6@cyberchimps.com,220317.69
944,Debbie,Baudins,Female,43,Rönninge,dbaudinsq7@furl.net,10035.09
945,Jewelle,Kenwyn,Female,61,Aragarças,jkenwynq8@eventbrite.com,168511.58
946,Roxanne,Cade,Female,48,Rontu,rcadeq9@macromedia.com,33903.68
947,Corbie,Endean,Male,38,Shuanghe,cendeanqa@macromedia.com,245947.48
948,Salomo,Powrie,Male,20,Cumming,spowrieqb@dot.gov,121846.67
949,Antonetta,Roskruge,Female,51,Erdao,aroskrugeqc@marketwatch.com,121932.34
950,Wilow,Athelstan,Female,46,Lages,wathelstanqd@ibm.com,20752.48
951,Edd,Rohfsen,Male,59,Dayr Abū Ḑa‘īf,erohfsenqe@slideshare.net,
952,Shurlock,Lorroway,Male,65,Herceg-Novi,slorrowayqf@shop-pro.jp,189197.63
953,Brooks,Bier,Male,18,Bularit,bbierqg@csmonitor.com,
954,Oren,Alliston,Male,57,Górzno,oallistonqh@ow.ly,171235.35
955,Colet,Robbe,Male,53,Dandai,crobbeqi@hc360.com,66768.65
956,Emmie,Burfitt,Female,48,Bagay,eburfittqj@google.co.jp,21937.77
957,Zilvia,Corre,Female,53,Tianxing,zcorreqk@goo.ne.jp,
958,Johannah,Matzaitis,Female,37,Covas da Raposa,jmatzaitisql@domainmarket.com,
959,Kipper,Frondt,Male,22,Bakıxanov,kfrondtqm@yelp.com,114638.58
960,Sybilla,McVey,Female,47,Smečno,smcveyqn@irs.gov,148120.88
961,Prue,Fulstow,Female,42,Oslo,pfulstowqo@wired.com,147155.13
962,Denyse,Rolland,Female,33,Zhusha,drollandqp@walmart.com,13176.6
963,Florry,Cronk,Female,59,Guandian,fcronkqq@jugem.jp,174322.19
964,Gaultiero,Poolman,Male,55,San Nicolas,gpoolmanqr@blogspot.com,141164.11
965,Deonne,Redley,Female,42,Nong Khai,dredleyqs@wikipedia.org,210235.63
966,Eugenia,Atling,Female,45,Niono,eatlingqt@hao123.com,
967,Sheridan,Click,Male,19,Vista Hermosa,sclickqu@cbc.ca,58217.6
968,Vernen,Duffield,Male,58,Gubukjero Timuk,vduffieldqv@wordpress.org,
969,Sandor,Astlett,Male,26,Guangyuan,sastlettqw@dropbox.com,159797.69
970,Frederik,Martusov,Male,54,Pucyura,fmartusovqx@yellowbook.com,185308.8
971,Michel,Earle,Female,22,Numata,mearleqy@cornell.edu,200608.49
972,Franchot,Matitiaho,Male,60,Little Rock,fmatitiahoqz@topsy.com,175782.84
973,Rosemary,Pear,Female,61,Jatiklampok,rpearr0@geocities.jp,50133.73
974,Shae,Kelberman,Male,42,Nebug,skelbermanr1@alexa.com,184735.4
975,Veronique,Itzkovwich,Female,62,Salamnunggal,vitzkovwichr2@youtu.be,248574.21
976,Thom,Willimott,Male,22,Zhuangta,twillimottr3@wiley.com,115759.07
977,Emmalee,Mogford,Female,21,Abang,emogfordr4@time.com,64393.97
978,Artemus,Lyttle,Male,48,Kalynivka,alyttler5@boston.com,91666.16
979,Byrom,Harvie,Male,30,Lumbatan,bharvier6@livejournal.com,164729.5
980,Dena,Beurich,Female,47,Łazy,dbeurichr7@nydailynews.com,
981,Barnard,Iannetti,Male,50,Khok Charoen,biannettir8@lycos.com,79592.19
982,Alford,Rickman,Male,20,Synya,arickmanr9@youtu.be,131492.23
983,Kristo,Breslin,Male,50,Driyorejo,kbreslinra@devhub.com,164700.18
984,Adrianna,Minchella,Female,23,Chengtou,aminchellarb@sourceforge.net,
985,Josh,Masseo,Male,41,Kaleybar,jmasseorc@cyberchimps.com,134402.38
986,Armand,Puffett,Male,55,Basel,apuffettrd@xrea.com,121421.65
987,Noelani,Bulteel,Female,24,Sevilla,nbulteelre@dion.ne.jp,121342.72
988,Giraldo,Spurriar,Male,57,Cayambe,gspurriarrf@buzzfeed.com,164192.32
989,Billy,Rosengren,Male,63,Jocotán,brosengrenrg@freewebs.com,115870.26
990,Patricio,Anscombe,Male,53,Herzliya Pituah,panscomberh@samsung.com,195085.52
991,Averil,Libri,Female,61,Dębów,alibriri@zdnet.com,18722.46
992,Ephraim,Carrabott,Male,39,Bohdalov,ecarrabottrj@wunderground.com,50814.43
993,Kerry,Schneidau,Male,51,Tymoshivka,kschneidaurk@nature.com,
994,Rutledge,Hummerston,Male,40,Chirilagua,rhummerstonrl@virginia.edu,86419.1
995,Shena,Mouan,Female,60,Taclobo,smouanrm@addtoany.com,81537.43
996,Lou,Ibarra,Male,60,Nymburk,libarrarn@qq.com,215658.37
997,Claudianus,Withinshaw,Male,55,Ipoh,cwithinshawro@auda.org.au,233846.4
998,Beckie,McKirdy,Female,55,Kuz’minskiye Otverzhki,bmckirdyrp@desdev.cn,60671.61
999,Hinda,Spare,Female,27,Xiangride,hsparerq@dyndns.org,131146.88
1000,Joletta,Voyce,Female,43,Plakhtiyivka,jvoycerr@com.com,217768.73
